Year,CBPF Name,Total Allocation,Allocation (INGO),Allocation (NNGO),Allocation (Red Cross),Allocation (UN),Reserve Allocation (INGO),Reserve Allocation (NNGO),Reserve Allocation (Red Cross),Reserve Allocation (UN),Standard Allocation (INGO),Standard Allocation (NNGO),Standard Allocation (Red Cross),Standard Allocation (UN),Total Reserve Allocation,Total Standard Allocation,Total Under Approval Allocation,Under Approval Allocation (INGO),Under Approval Allocation (NNGO),Under Approval Allocation (Red),Under Approval Allocation (UN)
2026,"Afghanistan",8487068.4,4507794.83,3979273.57,0,0,4507794.83,3979273.57,0,0,0,0,0,0,8487068.4,0,700000,700000,0,0,0
2026,"Bangladesh (AP-RHPF)",145896619.05,9699947.87,13937203,226171,122033297.18,9699947.87,13937203,226171,122033297.18,0,0,0,0,145896619.05,0,0,0,0,0,0
2026,"Chad (RhPF-WCA)",72622999.44,8461054.01,5852012,529600,57780333.43,8461054.01,5852012,529600,57780333.43,0,0,0,0,72622999.44,0,24649707.39,23808585.39,420561,0,0
2026,"DRC",71024958.48,20641427.9,4827200.55,350000,45206330.03,20641427.9,4827200.55,350000,45206330.03,0,0,0,0,71024958.48,0,78899999.98,50273474.01,3653076,0,24973449.97
2026,"Ethiopia",96999986.87,24086275,13362719.84,0,59550992.03,24086275,13362719.84,0,59550992.03,0,0,0,0,96999986.87,0,5472802.96,0,5472802.96,0,0
2026,"Fiji (AP-Rhpf)",350000,350000,0,0,0,350000,0,0,0,0,0,0,0,350000,0,0,0,0,0,0
2026,"Haiti (RhPF-LAC)",12360586,11772121,588465,0,0,11772121,588465,0,0,0,0,0,0,12360586,0,109139414.18,18993055,7676470,0,82469889.18
2026,"Kenya (ESAHF)",48481145.28,16771425.61,1895431,1716761,28097527.67,16771425.61,1895431,1716761,28097527.67,0,0,0,0,48481145.28,0,0,0,0,0,0
2026,"Lebanon",9718894.73,4748502,4874092.73,0,96300,4748502,4874092.73,0,96300,0,0,0,0,9718894.73,0,5242199.24,3597231.49,1644967.75,0,0
2026,"Mozambique (RhPF)",62299935.26,25230063.05,8563155.44,0,28506716.77,25230063.05,8563155.44,0,28506716.77,0,0,0,0,62299935.26,0,21039451.63,1122962,6304945.63,0,13611544
2026,"Myanmar",130931808.67,26403114.13,53465449,146426,50916819.54,26403114.13,53465449,146426,50916819.54,0,0,0,0,130931808.67,0,5000000,3576197,1423803,0,0
2026,"Nigeria",47200055.05,32532710,5712622.95,0,8954722.1,32532710,5712622.95,0,8954722.1,0,0,0,0,47200055.05,0,74300000.43,9252028,2885612,0,62162360.43
2026,"South Sudan",97199884.19,29147194.79,9028507.32,0,59024182.08,29147194.79,9028507.32,0,59024182.08,0,0,0,0,97199884.19,0,5499956.79,0,1500000,0,3999956.79
2026,"Sudan",206500000.03,90353000.01,2147000,0,114000000.02,90353000.01,2147000,0,114000000.02,0,0,0,0,206500000.03,0,0,0,0,0,0
2026,"Syria",0,0,0,0,0,0,0,0,0,0,0,0,0,0,0,117900000,53651929,9008407,0,55125734
2026,"Uganda (ESAHF)",10015002.92,4800000,0,0,5215002.92,4800000,0,0,5215002.92,0,0,0,0,10015002.92,0,62884989.9,12342496.07,1507527,0,49034966.83
2026,"Ukraine",157334076.65,54180078.86,63958094.99,199080.99,38996821.81,49688705.99,62014472.99,0,38996821.81,4491372.87,1943622,199080.99,0,150700000.79,6634075.86,78635672.48,22127720.2,56507952.28,0,0
2026,"Venezuela",0,0,0,0,0,0,0,0,0,0,0,0,0,0,0,5999968.8,2367321.37,3332645.22,0,0
2025,"Afghanistan",73438742.96,34788354.11,28103223.23,0,10547165.62,34788354.11,21435997.72,0,10547165.62,0,6667225.51,0,0,66771517.45,6667225.51,0,0,0,0,0
2025,"Burkina Faso (RhPF-WCA)",8997558.19,5306341.01,3691217.18,0,0,5306341.01,3691217.18,0,0,0,0,0,0,8997558.19,0,477292,477292,0,0,0
2025,"CAR",17200000.04,8765705.04,8434295,0,0,8765705.04,8434295,0,0,0,0,0,0,17200000.04,0,300000,300000,0,0,0
2025,"Chad (RhPF-WCA)",10616291.93,6719280.98,3614450.95,282560,0,6719280.98,3614450.95,282560,0,0,0,0,0,10616291.93,0,0,0,0,0,0
2025,"Colombia (RhPF-LAC)",1232971.79,0,1232971.79,0,0,0,0,0,0,0,1232971.79,0,0,0,1232971.79,169369.04,0,169369.04,0,0
2025,"DRC",43695189.19,15366999.59,27823674.6,350000,154515,8033595.22,15157256.35,350000,154515,7333404.37,12666418.25,0,0,23695366.57,19999822.62,0,0,0,0,0
2025,"Ethiopia",44200860.68,11238832.92,32962027.76,0,0,8380413.92,18813341.94,0,0,2858419,14148685.82,0,0,27193755.86,17007104.82,0,0,0,0,0
2025,"Haiti (RhPF-LAC)",4657246.26,1795170.69,2862075.57,0,0,300000,200000,0,0,1495170.69,2662075.57,0,0,500000,4157246.26,0,0,0,0,0
2025,"Lebanon",35093106.64,19554696.93,15388409.75,0,149999.96,0,0,0,149999.96,19554696.93,15388409.75,0,0,149999.96,34943106.68,0,0,0,0,0
2025,"Mali (RhPF-WCA)",8012337.23,4564866.63,3447470.6,0,0,4564866.63,3447470.6,0,0,0,0,0,0,8012337.23,0,0,0,0,0,0
2025,"Mozambique (RhPF)",2287877.25,0,2172286.25,0,115591,0,1000000,0,115591,0,1172286.25,0,0,1115591,1172286.25,124596.15,0,124596.15,0,0
2025,"Myanmar",35848382.97,6363889.31,29314854.79,0,169638.87,896789,4050801.07,0,0,5467100.31,25264053.72,0,169638.87,4947590.07,30900792.9,0,0,0,0,0
2025,"Niger (RhPF-WCA)",4998011.6,1580689,3417322.6,0,0,1580689,3417322.6,0,0,0,0,0,0,4998011.6,0,0,0,0,0,0
2025,"Nigeria",19598025.85,5252790.32,13945405.67,299829.24,100000.62,0,1799999.82,199828.61,100000.62,5252790.32,12145405.85,100000.63,0,2099829.05,17498196.8,0,0,0,0,0
2025,"oPt",75934428,29743263.34,39149082.38,0,7042082.28,29743263.34,39149082.38,0,7042082.28,0,0,0,0,75934428,0,27791479.23,4383205.43,11876063.05,0,11532210.75
2025,"Pakistan (AP-RHPF)",1632784.64,81884,1550900.64,0,0,0,748157,0,0,81884,802743.64,0,0,748157,884627.64,0,0,0,0,0
2025,"Somalia",61049605.32,13947115.43,46853340.96,0,249148.93,9956919.48,22838573.03,0,249148.93,3990195.95,24014767.93,0,0,33044641.44,28004963.88,0,0,0,0,0
2025,"South Sudan",44425815.09,10266493.83,20604084.67,0,13555236.59,5897936.27,10359967.32,0,8529728.22,4368557.56,10244117.35,0,5025508.37,24787631.81,19638183.28,774436.55,414436.39,360000.16,0,0
2025,"Sudan",164374307.69,117842420.46,42212335.63,319551,4000000.6,51925069.35,12929739.5,0,4000000.6,65917351.11,29282596.13,319551,0,68854809.45,95519498.24,2098128.28,938096,1160032.28,0,0
2025,"Syria",50247241.08,28610987.44,15548999.18,1123827.63,4963426.83,7230826.01,3481563.29,0,832881.01,21380161.43,12067435.89,1123827.63,4130545.82,11545270.31,38701970.77,0,0,0,0,0
2025,"Syria Cross border",49115752.38,10261319.71,37927756.77,926675.9,0,1500000,2639879.37,0,0,8761319.71,35287877.4,926675.9,0,4139879.37,44975873.01,0,0,0,0,0
2025,"Ukraine",201927328.03,63501969.25,138425358.78,0,0,16053738.91,61090899.36,0,0,47448230.34,77334459.42,0,0,77144638.27,124782689.76,0,0,0,0,0
2025,"Venezuela",8965515.94,1483513.31,7482002.63,0,0,1483513.31,7482002.63,0,0,0,0,0,0,8965515.94,0,0,0,0,0,0
2025,"Yemen",42616680.75,6012090.58,27278932.89,2548014.45,6777642.83,0,0,0,1999999.76,6012090.58,27278932.89,2548014.45,4777643.07,1999999.76,40616680.99,0,0,0,0,0
2024,"Afghanistan",55213329.07,29934828.76,15683305.15,0,9595195.16,21164563.02,12728347.32,0,6639640.59,8770265.74,2954957.83,0,2955554.57,40532550.93,14680778.14,0,0,0,0,0
2024,"Burkina Faso (RhPF-WCA)",13999919.98,9786289.24,3713746.03,499884.71,0,0,0,0,0,9786289.24,3713746.03,499884.71,0,0,13999919.98,0,0,0,0,0
2024,"CAR",18499917.63,11868135.3,6131782.31,0,500000.02,2387197,1112803.43,0,500000.02,9480938.3,5018978.88,0,0,4000000.45,14499917.18,0,0,0,0,0
2024,"Colombia (RhPF-LAC)",3006015.08,0,3006015.08,0,0,0,1357381.55,0,0,0,1648633.53,0,0,1357381.55,1648633.53,0,0,0,0,0
2024,"DRC",37000000.09,13016461.02,23983539.07,0,0,4519163.01,13680837.02,0,0,8497298.01,10302702.05,0,0,18200000.03,18800000.06,0,0,0,0,0
2024,"Ethiopia",63903768.73,35515165.6,28194168.13,194435,0,18610242.02,13899362.58,194435,0,16904923.58,14294805.55,0,0,32704039.6,31199729.13,0,0,0,0,0
2024,"Haiti (RhPF-LAC)",4026011.8,1673829.73,2352182.07,0,0,0,0,0,0,1673829.73,2352182.07,0,0,0,4026011.8,0,0,0,0,0
2024,"Lebanon",65617457.71,37787304.05,27830153.66,0,0,22908298.63,18685019.38,0,0,14879005.42,9145134.28,0,0,41593318.01,24024139.7,0,0,0,0,0
2024,"Mali (RhPF-WCA)",4199985.61,2833484,1366501.61,0,0,0,0,0,0,2833484,1366501.61,0,0,0,4199985.61,0,0,0,0,0
2024,"Myanmar",27894424.96,8218831.39,18908386.57,0,767207,1864071.27,6135901.1,0,0,6354760.12,12772485.47,0,767207,7999972.37,19894452.59,0,0,0,0,0
2024,"Niger (RhPF-WCA)",8777317.27,3150931.59,5626385.68,0,0,0,1899443.81,0,0,3150931.59,3726941.87,0,0,1899443.81,6877873.46,0,0,0,0,0
2024,"Nigeria",18999922.94,9384373.27,9015549.67,0,600000,9384373.27,9015549.67,0,600000,0,0,0,0,18999922.94,0,0,0,0,0,0
2024,"oPt",49481106.72,15865246.5,19022494.71,0,14593365.51,3343195.39,7154412.82,0,9041866.92,12522051.11,11868081.89,0,5551498.59,19539475.13,29941631.59,0,0,0,0,0
2024,"Somalia",33337080.75,6887445.76,26049668.06,399966.93,0,2363945.77,5996991.74,0,0,4523499.99,20052676.32,399966.93,0,8360937.51,24976143.24,0,0,0,0,0
2024,"South Sudan",38917034.64,14147447.2,12777569.65,0,11992017.79,5138488.52,4721927.26,0,9100148.69,9008958.68,8055642.39,0,2891869.1,18960564.47,19956470.17,0,0,0,0,0
2024,"Sudan",180666178.76,133618843.23,42258398.11,0,4788937.42,133618843.23,42258398.11,0,4788937.42,0,0,0,0,180666178.76,0,0,0,0,0,0
2024,"Syria",35029130.76,19518372.95,9872214.3,686801.57,4951741.94,0,0,0,0,19518372.95,9872214.3,686801.57,4951741.94,0,35029130.76,0,0,0,0,0
2024,"Syria Cross border",69311090.32,16667956.55,48432159.89,1058822.98,3152150.9,6275021.82,20403744.98,0,2120938.78,10392934.73,28028414.91,1058822.98,1031212.12,28799705.58,40511384.74,0,0,0,0,0
2024,"Ukraine",164338871.75,63143920.14,96102565.86,92690,4999695.75,34256295.62,48908973.91,0,4999695.75,28887624.52,47193591.95,92690,0,88164965.28,76173906.47,0,0,0,0,0
2024,"Venezuela",12613729.78,3174980.99,8438748.79,1000000,0,1324609.03,2757312.9,1000000,0,1850371.96,5681435.89,0,0,5081921.93,7531807.85,0,0,0,0,0
2024,"Yemen",37084897.52,8650945.35,26233477.13,0,2200475.04,2630247.41,2806097.47,0,1500000,6020697.94,23427379.66,0,700475.04,6936344.88,30148552.64,0,0,0,0,0
2023,"Afghanistan",134957920.4,28742944.05,28192585.42,0,78022390.93,1873628.09,13497863.32,0,11170361.39,26869315.96,14694722.1,0,66852029.54,26541852.8,108416067.6,0,0,0,0,0
2023,"Burkina Faso (RhPF-WCA)",20032043.22,12289226.92,6908125.3,834691,0,0,0,0,0,12289226.92,6908125.3,834691,0,0,20032043.22,0,0,0,0,0
2023,"CAR",15797063.92,9141323.16,4056667.08,0,2599073.68,300000.23,0,0,2499073.68,8841322.93,4056667.08,0,100000,2799073.91,12997990.01,0,0,0,0,0
2023,"DRC",42981475.66,15061873.02,26652706.64,400000,866896,15061873.02,26652706.64,400000,866896,0,0,0,0,42981475.66,0,0,0,0,0,0
2023,"Ethiopia",59982606.78,31899056.37,27133812.41,700000,249738,12787772.58,11245181.09,700000,249738,19111283.79,15888631.32,0,0,24982691.67,34999915.11,0,0,0,0,0
2023,"Lebanon",26686329.11,13128449.38,13557879.73,0,0,5504809.67,4544708.39,0,0,7623639.71,9013171.34,0,0,10049518.06,16636811.05,0,0,0,0,0
2023,"Mali (RhPF-WCA)",5347230.34,3781122,1566108.34,0,0,0,0,0,0,3781122,1566108.34,0,0,0,5347230.34,0,0,0,0,0
2023,"Myanmar",35639378.82,11080976.05,20780299.08,0,3778103.69,2020971,2750607.45,0,3375080.62,9060005.05,18029691.63,0,403023.07,8146659.07,27492719.75,0,0,0,0,0
2023,"Niger (RhPF-WCA)",10993493,6756795.65,4236697.35,0,0,0,0,0,0,6756795.65,4236697.35,0,0,0,10993493,0,0,0,0,0
2023,"Nigeria",23973602.54,8628636.32,14198697.36,0,1146268.86,6781471.29,4194736.53,0,0,1847165.03,10003960.83,0,1146268.86,10976207.82,12997394.72,0,0,0,0,0
2023,"oPt",87674576.38,44239527.77,21193159.91,0,22241888.7,34916160.3,12059907.39,0,20438844.47,9323367.47,9133252.52,0,1803044.23,67414912.16,20259664.22,0,0,0,0,0
2023,"Somalia",56628902.28,13805379.31,39298015.85,0,3525507.12,7839640.77,20651489.29,0,3525507.12,5965738.54,18646526.56,0,0,32016637.18,24612265.1,0,0,0,0,0
2023,"South Sudan",55600285.76,17566867.55,5667045.35,0,32366372.86,17566867.55,5667045.35,0,32366372.86,0,0,0,0,55600285.76,0,0,0,0,0,0
2023,"Sudan",81211049.33,58159362.4,14956641.31,513665,7581380.62,58159362.4,14956641.31,513665,7581380.62,0,0,0,0,81211049.33,0,0,0,0,0,0
2023,"Syria",62485132.46,30687710.11,16465232,375882,14956308.35,12287124.96,8991754.55,226557,9884032.52,18400585.15,7473477.45,149325,5072275.83,31389469.03,31095663.43,0,0,0,0,0
2023,"Syria Cross border",140187123.02,30435333.36,90581868.6,675849.45,18494071.61,23289270.37,67097432.96,101217.13,18094176.45,7146062.99,23484435.64,574632.32,399895.16,108582096.91,31605026.11,0,0,0,0,0
2023,"Ukraine",183672269.28,89999596.45,61201611.95,0,32471060.88,57555274.94,22538910.72,0,32471060.88,32444321.51,38662701.23,0,0,112565246.54,71107022.74,0,0,0,0,0
2023,"Venezuela",12163016.5,2150156.94,10012859.56,0,0,0,0,0,0,2150156.94,10012859.56,0,0,0,12163016.5,0,0,0,0,0
2023,"Yemen",85897174.57,19720774.02,39859561.99,2122070.36,24194768.2,8006701.47,18890805.55,122145,19200632.05,11714072.55,20968756.44,1999925.36,4994136.15,46220284.07,39676890.5,0,0,0,0,0
2022,"Afghanistan",282670724.47,84258131.14,70032757.03,0,128379836.3,52429023.05,37154154.46,0,76867225.72,31829108.09,32878602.57,0,51512610.58,166450403.23,116220321.24,0,0,0,0,0
2022,"Burkina Faso (RhPF-WCA)",29449688.4,19952047.38,8875555.28,622085.74,0,5966675.36,3533045.46,0,0,13985372.02,5342509.82,622085.74,0,9499720.82,19949967.58,0,0,0,0,0
2022,"CAR",29493646.31,20616048.44,2878003.1,0,5999594.77,7472556.31,1611009.64,0,3312234.51,13143492.13,1266993.46,0,2687360.26,12395800.46,17097845.85,0,0,0,0,0
2022,"DRC",38434815.36,13961642.88,21031895.24,599999.29,2841277.95,4676717.33,4146429.29,599999.29,576852.54,9284925.55,16885465.95,0,2264425.41,9999998.45,28434816.91,0,0,0,0,0
2022,"Ethiopia",63908474.3,36946218.41,24774732.17,0,2187523.72,12019162.2,9820273.93,0,2187523.72,24927056.21,14954458.24,0,0,24026959.85,39881514.45,0,0,0,0,0
2022,"Iraq",8386519.22,5062973.13,3323546.09,0,0,0,0,0,0,5062973.13,3323546.09,0,0,0,8386519.22,0,0,0,0,0
2022,"Jordan",400000.02,0,0,400000.02,0,0,0,400000.02,0,0,0,0,0,400000.02,0,0,0,0,0,0
2022,"Lebanon",28340770.36,19784671.81,7866307.34,0,689791.21,8464257.84,3182992.54,0,689791.21,11320413.97,4683314.8,0,0,12337041.59,16003728.77,0,0,0,0,0
2022,"Myanmar",24695346.51,9364178.03,15122995.73,0,208172.75,4597718.75,7206755.13,0,116371.83,4766459.28,7916240.6,0,91800.92,11920845.71,12774500.8,0,0,0,0,0
2022,"Niger (RhPF-WCA)",8999635.84,5673924.98,3325710.86,0,0,5673924.98,3325710.86,0,0,0,0,0,0,8999635.84,0,0,0,0,0,0
2022,"Nigeria",24710819.97,9144469.97,10886002.16,0,4680347.84,5685765.95,3706972.37,0,2606633.69,3458704.02,7179029.79,0,2073714.15,11999372.01,12711447.96,0,0,0,0,0
2022,"oPt",21390715.94,11404652.49,8573165.91,0,1412897.54,906859.09,0,0,380449.2,10497793.4,8573165.91,0,1032448.34,1287308.29,20103407.65,0,0,0,0,0
2022,"Somalia",71029813.32,25504864.63,43265627.74,0,2259320.95,18462330.56,27365716.06,0,500000,7042534.07,15899911.68,0,1759320.95,46328046.62,24701766.7,0,0,0,0,0
2022,"South Sudan",49484152.5,14990813.28,8556658.26,0,25936680.96,4218818.72,1284867.51,0,19249160.21,10771994.56,7271790.75,0,6687520.75,24752846.44,24731306.06,0,0,0,0,0
2022,"Sudan",65576233.53,49752001.15,11191837.82,0,4632394.56,26259560.95,5965696.04,0,4369994.56,23492440.2,5226141.78,0,262400,36595251.55,28980981.98,0,0,0,0,0
2022,"Syria",46030213.83,25222604.42,7736115.31,297314.82,12774179.28,4633066.13,814102.9,297314.82,6097599.23,20589538.29,6922012.41,0,6676580.05,11842083.08,34188130.75,0,0,0,0,0
2022,"Syria Cross border",140718386.83,34717707.78,83908016.06,1538166.84,20554496.15,5753232.31,6143207.4,0,13076874.47,28964475.47,77764808.66,1538166.84,7477621.68,24973314.18,115745072.65,0,0,0,0,0
2022,"Ukraine",192664497.06,69713182.73,65480991.07,0,57470323.26,46541370.35,29804895.4,0,40628677.85,23171812.38,35676095.67,0,16841645.41,116974943.6,75689553.46,0,0,0,0,0
2022,"Venezuela",9392778.19,2552280.42,6770157.37,70340.4,0,0,0,0,0,2552280.42,6770157.37,70340.4,0,0,9392778.19,0,0,0,0,0
2022,"Yemen",78568691.27,23935532.61,35018519.96,2980378.19,16634260.51,13938612.44,11732970.86,2066805.1,8675996.52,9996920.17,23285549.1,913573.09,7958263.99,36414384.92,42154306.35,0,0,0,0,0
2021,"Afghanistan",165403048.41,65724805.48,36951209.23,19200,62707833.7,26195884.75,11901058.59,19200,15607208.33,39528920.73,25050150.64,0,47100625.37,53723351.67,111679696.74,0,0,0,0,0
2021,"CAR",23298106.64,18590214.45,1229771.88,0,3478120.31,8852659.11,259778.8,0,1980711.52,9737555.34,969993.08,0,1497408.79,11093149.43,12204957.21,0,0,0,0,0
2021,"DRC",65132904.83,24901283.64,27014938.96,0,13216682.23,4473430.98,7776689.5,0,6981756.54,20427852.66,19238249.46,0,6234925.69,19231877.02,45901027.81,0,0,0,0,0
2021,"Ethiopia",98519150.26,55909733.46,20170861.85,0,22438554.95,9844257.71,4458365.46,0,6387172.6,46065475.75,15712496.39,0,16051382.35,20689795.77,77829354.49,0,0,0,0,0
2021,"Iraq",25391271.47,16888277.52,8253944.09,249049.86,0,8364572.02,3528518.57,0,0,8523705.5,4725425.52,249049.86,0,11893090.59,13498180.88,0,0,0,0,0
2021,"Jordan",2022680.58,1353456.96,364558.26,304665.36,0,150005.12,0,0,0,1203451.84,364558.26,304665.36,0,150005.12,1872675.46,0,0,0,0,0
2021,"Lebanon",25267473.8,14146634.94,6484403.28,0,4636435.58,366319.82,100642.26,0,4636435.58,13780315.12,6383761.02,0,0,5103397.66,20164076.14,0,0,0,0,0
2021,"Myanmar",20857614.5,10028614.22,10610913.65,0,218086.63,0,0,0,0,10028614.22,10610913.65,0,218086.63,0,20857614.5,0,0,0,0,0
2021,"Niger (RhPF-WCA)",12482617.94,9574190.77,2908427.17,0,0,0,0,0,0,9574190.77,2908427.17,0,0,0,12482617.94,0,0,0,0,0
2021,"Nigeria",31434295.69,8598960.12,16048542.02,0,6786793.55,1934270.76,5025578.68,0,1321655.96,6664689.36,11022963.34,0,5465137.59,8281505.4,23152790.29,0,0,0,0,0
2021,"oPt",27779288.3,10000175.57,9121322.31,0,8657790.42,7370124.62,5956517.26,0,8657790.42,2630050.95,3164805.05,0,0,21984432.3,5794856,0,0,0,0,0
2021,"Pakistan",1537348.88,0,1038191.74,0,499157.14,0,1038191.74,0,499157.14,0,0,0,0,1537348.88,0,0,0,0,0,0
2021,"Somalia",46268713.13,16233332.2,28955382.94,0,1079997.99,11301020.09,20729876.16,0,1079997.99,4932312.11,8225506.78,0,0,33110894.24,13157818.89,0,0,0,0,0
2021,"South Sudan",69151386.84,34109550.07,15577653.89,0,19464182.88,8269053.15,4758513.23,0,6324367.24,25840496.92,10819140.66,0,13139815.64,19351933.62,49799453.22,0,0,0,0,0
2021,"Sudan",56864162.64,38257284.84,10540701.7,0,8066176.1,22560796.88,2823133.85,0,8066176.1,15696487.96,7717567.85,0,0,33450106.83,23414055.81,0,0,0,0,0
2021,"Syria",67657796.26,25912441.33,16626661.47,499992.6,24618700.86,10633286.59,6839374.26,499992.6,12091404.88,15279154.74,9787287.21,0,12527295.98,30064058.33,37593737.93,0,0,0,0,0
2021,"Syria Cross border",151198802.25,30135007.61,98404464.79,4720142.57,17939187.28,6994627.48,16756447.26,671827.41,6074179.66,23140380.13,81648017.53,4048315.16,11865007.62,30497081.81,120701720.44,0,0,0,0,0
2021,"Ukraine",14792256.46,5548337.55,7253785.17,0,1990133.74,222708.81,2247825.02,0,115422.5,5325628.74,5005960.15,0,1874711.24,2585956.33,12206300.13,0,0,0,0,0
2021,"Venezuela",11456037.35,3579213.2,7876824.15,0,0,0,0,0,0,3579213.2,7876824.15,0,0,0,11456037.35,0,0,0,0,0
2021,"Yemen",113004284.5,54796231.93,29812932.92,4528151.69,23866967.96,1185200,3047294.71,0,11627996.75,53611031.93,26765638.21,4528151.69,12238971.21,15860491.46,97143793.04,0,0,0,0,0
2020,"Afghanistan",74274515.41,42523937.31,14689392.43,1283085.47,15778100.2,32269435.98,10118475.93,449914.67,13453059.7,10254501.33,4570916.5,833170.8,2325040.5,56290886.28,17983629.13,0,0,0,0,0
2020,"CAR",30839970.34,20721939.51,3482649.05,0,6635381.78,14253537.36,2782649.11,0,4794408.63,6468402.15,699999.94,0,1840973.15,21830595.1,9009375.24,0,0,0,0,0
2020,"DRC",75000641.67,39808740.18,25309265.75,1100000.42,8782635.32,16204448.54,5496909.88,1100000.42,2686115.51,23604291.64,19812355.87,0,6096519.81,25487474.35,49513167.32,0,0,0,0,0
2020,"Ethiopia",57478521.56,35905497.97,8511124.29,0,13061899.3,8719108.3,1280891.61,0,3498845.15,27186389.67,7230232.68,0,9563054.15,13498845.06,43979676.5,0,0,0,0,0
2020,"Iraq",27594112.58,19808759.59,6937196.24,0,848156.75,6956831.98,840073.3,0,0,12851927.61,6097122.94,0,848156.75,7796905.28,19797207.3,0,0,0,0,0
2020,"Jordan",8334514.42,4155507.19,3450567.86,300002.59,428436.78,550879.96,614807.56,0,128436.78,3604627.23,2835760.3,300002.59,300000,1294124.3,7040390.12,0,0,0,0,0
2020,"Lebanon",16210106.03,10323577.34,5770799.81,85731,29997.88,4443655.04,1061155.66,0,0,5879922.3,4709644.15,85731,29997.88,5504810.7,10705295.33,0,0,0,0,0
2020,"Myanmar",16544732.78,7792820.97,7012186.4,0,1739725.41,1465965.84,1248560.41,0,1066793.56,6326855.13,5763625.99,0,672931.85,3781319.81,12763412.97,0,0,0,0,0
2020,"Nigeria",23358102.5,9081965.29,5162050.69,0,9114086.52,0,0,0,1113049.82,9081965.29,5162050.69,0,8001036.7,1113049.82,22245052.68,0,0,0,0,0
2020,"oPt",36189901.76,14393627.1,11239151.12,52105.37,10505018.17,2725761.21,1418752.44,0,5250385.25,11667865.89,9820398.68,52105.37,5254632.92,9394898.9,26795002.86,0,0,0,0,0
2020,"Pakistan",9681444.56,1756680.87,7524957.75,0,399805.94,775404.97,4206233.09,0,399805.94,981275.9,3318724.66,0,0,5381444,4300000.56,0,0,0,0,0
2020,"Somalia",36556082.52,12010246.04,19972374.95,0,4573461.53,2498955.31,7575350.87,0,4573461.53,9511290.73,12397024.08,0,0,14647767.71,21908314.81,0,0,0,0,0
2020,"South Sudan",62382675.09,26588825.9,20642069.29,0,15151779.9,10256404.23,5218806.51,0,12199499.25,16332421.67,15423262.78,0,2952280.65,27674709.99,34707965.1,0,0,0,0,0
2020,"Sudan",75791589.6,43976949.77,10323275.35,0,21491364.48,14736474.88,2502866.6,0,16674865.47,29240474.89,7820408.75,0,4816499.01,33914206.95,41877382.65,0,0,0,0,0
2020,"Syria",68737943.05,19504738.08,15667169.38,1541539.94,32024495.65,3688674.6,3589864.36,1000024.28,19600526.32,15816063.48,12077305.02,541515.66,12423969.33,27879089.56,40858853.49,0,0,0,0,0
2020,"Syria Cross border",184592901.85,18527623.55,126730514.14,9893109.75,29441654.41,6206519.6,46570509.35,8921219.3,21872829.06,12321103.95,80160004.79,971890.45,7568825.35,83571077.31,101021824.54,0,0,0,0,0
2020,"Ukraine",10725140.42,4524349.14,3906856.32,357854,1936080.96,1190909.11,1256166.2,0,0,3333440.03,2650690.12,357854,1936080.96,2447075.31,8278065.11,0,0,0,0,0
2020,"Yemen",99093834.22,52326579.15,16314351.89,4997752.37,25455150.81,1220025,925689.98,0,21152170.8,51106554.15,15388661.91,4997752.37,4302980.01,23297885.78,75795948.44,0,0,0,0,0
2019,"Afghanistan",63781104.43,29512339.93,6773287.8,0,27495476.7,17018217.25,3977622.5,0,23466406.02,12494122.68,2795665.3,0,4029070.68,44462245.77,19318858.66,0,0,0,0,0
2019,"CAR",38998422.01,21039963.96,4911459.42,311966.19,12735032.44,1276168.16,84958.14,311966.19,1935466.35,19763795.8,4826501.28,0,10799566.09,3608558.84,35389863.17,0,0,0,0,0
2019,"DRC",78446955.82,53972633.19,18976256.25,1076200.22,4421866.16,24575340.39,6392861.6,0,4421866.16,29397292.8,12583394.65,1076200.22,0,35390068.15,43056887.67,0,0,0,0,0
2019,"Ethiopia",61032490.42,40556039.87,5924818.48,0,14551632.07,0,0,0,0,40556039.87,5924818.48,0,14551632.07,0,61032490.42,0,0,0,0,0
2019,"Iraq",82350483.05,51774471.9,15375096.6,0,15200914.55,927604.64,0,0,8461001.4,50846867.26,15375096.6,0,6739913.15,9388606.04,72961877.01,0,0,0,0,0
2019,"Jordan",8753790.86,5253463.01,2488917.81,415965.18,595444.86,40320.81,0,0,595444.86,5213142.2,2488917.81,415965.18,0,635765.67,8118025.19,0,0,0,0,0
2019,"Lebanon",10964198.82,4512721.37,2614637.58,0,3836839.87,0,0,0,3116047.6,4512721.37,2614637.58,0,720792.27,3116047.6,7848151.22,0,0,0,0,0
2019,"Myanmar",15495875.37,7392104.05,7780829.51,0,322941.81,1025832.69,463475.77,0,0,6366271.36,7317353.74,0,322941.81,1489308.46,14006566.91,0,0,0,0,0
2019,"Nigeria",27692844.53,13861966.99,6373705.45,0,7457172.09,13861966.99,6373705.45,0,7457172.09,0,0,0,0,27692844.53,0,0,0,0,0,0
2019,"oPt",27755525.99,13940323.38,10660598.73,369062.26,2785541.62,0,0,0,0,13940323.38,10660598.73,369062.26,2785541.62,0,27755525.99,0,0,0,0,0
2019,"Pakistan",8890418.15,1521344.94,4138331.15,0,3230742.06,968293.56,1581442.38,0,1290308.7,553051.38,2556888.77,0,1940433.36,3840044.64,5050373.51,0,0,0,0,0
2019,"Somalia",53412057.67,26172313.37,24598212.03,788344.71,1853187.56,9205094.18,10363353.08,0,1153187.48,16967219.19,14234858.95,788344.71,700000.08,20721634.74,32690422.93,0,0,0,0,0
2019,"South Sudan",79967710.69,34884234.06,30781765.46,0,14301711.17,3652591.48,2647847.4,0,3561782.6,31231642.58,28133918.06,0,10739928.57,9862221.48,70105489.21,0,0,0,0,0
2019,"Sudan",58587608.85,38136585.58,9912858.07,9600,10528565.2,2955229.92,2859628.73,9600,7799330.99,35181355.66,7053229.34,0,2729234.21,13623789.64,44963819.21,0,0,0,0,0
2019,"Syria",52653212.04,14651976.13,21331782.13,0,16669453.78,4979550.06,9220859.8,0,11099929.44,9672426.07,12110922.33,0,5569524.34,25300339.3,27352872.74,0,0,0,0,0
2019,"Syria Cross border",117222334.15,15317118.64,78946724.54,2528417.31,20430073.66,3883978.24,23204440.26,1357173.78,13204311.48,11433140.4,55742284.28,1171243.53,7225762.18,41649903.76,75572430.39,0,0,0,0,0
2019,"Ukraine",2987682.19,1591413.5,1396268.69,0,0,0,0,0,0,1591413.5,1396268.69,0,0,0,2987682.19,0,0,0,0,0
2019,"Yemen",239404030.19,86258270.19,82103795.29,6079362.85,64962601.86,5763447.96,14970970.99,0,26497746.48,80494822.23,67132824.3,6079362.85,38464855.38,47232165.43,192171864.76,0,0,0,0,0
2018,"Afghanistan",62584769.94,28525051.5,13818053.97,0,20241664.47,11298370.65,5474221.49,0,13398303.64,17226680.85,8343832.48,0,6843360.83,30170895.78,32413874.16,0,0,0,0,0
2018,"CAR",28392819.98,17028951.62,2409526.46,13667,8940674.9,960495.45,203309,0,496692.38,16068456.17,2206217.46,13667,8443982.52,1660496.83,26732323.15,0,0,0,0,0
2018,"DRC",68521023.72,41312214.55,24385805.11,1288881.49,1534122.57,33700792.96,21672202.56,1288881.49,1534122.57,7611421.59,2713602.55,0,0,58195999.58,10325024.14,0,0,0,0,0
2018,"Ethiopia",84667535.84,49593133.7,5703847.61,0,29370554.53,23111550.34,3208986.8,0,19561986.99,26481583.36,2494860.81,0,9808567.54,45882524.13,38785011.71,0,0,0,0,0
2018,"Iraq",36590937.66,20782370.8,5220654.8,1129676.83,9458235.23,0,132300,0,2499281.11,20782370.8,5088354.8,1129676.83,6958954.12,2631581.11,33959356.55,0,0,0,0,0
2018,"Jordan",10372517.73,5835640.32,3283137.33,397740.08,856000,600003.04,399997.03,0,856000,5235637.28,2883140.3,397740.08,0,1856000.07,8516517.66,0,0,0,0,0
2018,"Lebanon",14695922.66,4472979.21,5727103.29,79950,4415890.16,838876.2,373387.84,0,4415890.16,3634103.01,5353715.45,79950,0,5628154.2,9067768.46,0,0,0,0,0
2018,"Myanmar",12815852.52,6159623.45,5786204.68,0,870024.39,777379.27,218560,0,0,5382244.18,5567644.68,0,870024.39,995939.27,11819913.25,0,0,0,0,0
2018,"Nigeria",36066923.52,8836396.31,6054927.33,0,21175599.88,4407635.84,1495958.7,0,14137531.92,4428760.47,4558968.63,0,7038067.96,20041126.46,16025797.06,0,0,0,0,0
2018,"oPt",21172933.45,8871330.87,7617631.05,0,4683971.53,3487752.94,2098539.39,0,3858849.85,5383577.93,5519091.66,0,825121.68,9445142.18,11727791.27,0,0,0,0,0
2018,"Pakistan",5358172.46,1585649.85,3772522.61,0,0,0,125054.32,0,0,1585649.85,3647468.29,0,0,125054.32,5233118.14,0,0,0,0,0
2018,"Somalia",52967289.37,26446066.33,24687364.56,733858.45,1100000.03,8080060.72,4391906.19,586381.42,0,18366005.61,20295458.37,147477.03,1100000.03,13058348.33,39908941.04,0,0,0,0,0
2018,"South Sudan",53365968.25,21753810.12,20343610.32,0,11268547.81,1603421.39,0,0,360000,20150388.73,20343610.32,0,10908547.81,1963421.39,51402546.86,0,0,0,0,0
2018,"Sudan",42489846.55,29870495.19,7452837.3,0,5166514.06,3644432.18,656650.07,0,1907231.72,26226063.01,6796187.23,0,3259282.34,6208313.97,36281532.58,0,0,0,0,0
2018,"Syria",36974947.64,12177511.13,8311580.58,1378013.93,15107842,3723575.56,4512773.88,1378013.93,12038375.03,8453935.57,3798806.7,0,3069466.97,21652738.4,15322209.24,0,0,0,0,0
2018,"Syria Cross border",81708247.88,16354775.6,48049921.77,2310955.11,14992595.4,11707925.28,29229019.59,2013483.91,8369908.73,4646850.32,18820902.18,297471.2,6622686.67,51320337.51,30387910.37,0,0,0,0,0
2018,"Yemen",188161347.32,50159786.4,52003548.27,3392925.81,82605086.84,12333285.39,7706880.17,1393757.39,79798097.63,37826501.01,44296668.1,1999168.42,2806989.21,101232020.58,86929326.74,0,0,0,0,0